Ticker,Entry_Date,Exit_Date,Entry_Price,Exit_Price,Return_Pct,Reason,Days_Held,TP_Price,SL_Price
6285,2023-03-31,2023-04-10,90.29,86.04,-0.0526,🔴 停損,3,96.66,86.04
3231,2023-03-31,2023-04-12,38.12,41.1,0.072,🟢 停利,5,41.1,36.13
3017,2023-04-06,2023-04-12,135.4,151.94,0.1156,🟢 停利,4,151.94,124.37
2382,2023-03-31,2023-04-17,76.73,74.59,-0.0337,🔴 停損,8,79.95,74.59
2382,2023-04-17,2023-04-19,75.88,79.3,0.039,🟢 停利,2,79.3,73.6
2344,2023-04-10,2023-04-20,25.59,24.11,-0.0633,🔴 停損,8,27.8,24.11
3034,2023-04-12,2023-04-21,380.18,362.79,-0.0513,🔴 停損,7,406.26,362.79
8454,2023-04-06,2023-04-25,646.63,603.52,-0.0721,🔴 停損,13,711.29,603.52
3231,2023-04-12,2023-05-02,40.33,44.0,0.0847,🟢 停利,13,44.0,37.88
1504,2023-03-31,2023-05-08,38.25,43.44,0.1291,🟢 停利,22,43.44,34.78
6669,2023-04-06,2023-05-10,1024.4,941.62,-0.0862,🔴 停損,23,1148.56,941.62
2376,2023-03-31,2023-05-16,123.03,131.81,0.0651,🟢 停利,28,131.81,117.18
2408,2023-04-06,2023-05-19,62.95,67.8,0.0707,⚪ 時間到期,30,68.14,59.48
2382,2023-05-17,2023-05-19,92.89,101.03,0.0813,🟢 停利,2,101.03,87.46
2618,2023-05-17,2023-05-19,24.64,26.23,0.0581,🟢 停利,2,26.23,23.58
2881,2023-05-17,2023-05-19,47.73,49.44,0.0299,🟢 停利,2,49.44,46.59
2882,2023-05-17,2023-05-22,39.14,40.68,0.0333,🟢 停利,3,40.68,38.11
2618,2023-05-19,2023-05-22,24.82,26.42,0.0582,🟢 停利,1,26.42,23.75
2376,2023-05-18,2023-05-24,140.54,152.98,0.0822,🟢 停利,4,152.98,132.25
2324,2023-05-17,2023-05-25,23.37,24.51,0.0427,🟢 停利,6,24.51,22.61
2382,2023-05-19,2023-05-25,96.59,104.56,0.0762,🟢 停利,4,104.56,91.27
2376,2023-05-24,2023-05-25,148.84,162.94,0.0883,🟢 停利,1,162.94,139.44
2881,2023-05-19,2023-05-26,49.01,47.83,-0.0297,🔴 停損,5,50.77,47.83
2618,2023-05-22,2023-05-26,26.26,28.11,0.0641,🟢 停利,4,28.11,25.03
2882,2023-05-22,2023-05-26,40.53,39.46,-0.0319,🔴 停損,4,42.12,39.46
2368,2023-05-22,2023-05-26,110.48,120.73,0.0864,🟢 停利,4,120.73,103.65
2376,2023-05-25,2023-05-26,166.81,181.05,0.079,🟢 停利,1,181.05,157.32
2301,2023-05-18,2023-05-29,72.25,76.55,0.0533,🟢 停利,7,76.55,69.38
2324,2023-05-25,2023-05-29,24.27,25.56,0.0469,🟢 停利,2,25.56,23.41
2618,2023-05-26,2023-05-30,27.89,30.06,0.0718,🟢 停利,2,30.06,26.43
2610,2023-05-26,2023-05-30,19.16,20.39,0.0582,🟢 停利,2,20.39,18.34
2330,2023-05-29,2023-05-31,545.07,527.74,-0.0375,🔴 停損,2,571.07,527.74
2376,2023-05-26,2023-06-02,169.57,185.75,0.089,🟢 停利,5,185.75,158.79
2618,2023-05-30,2023-06-02,29.82,32.2,0.0735,🟢 停利,3,32.2,28.23
2610,2023-05-31,2023-06-02,20.12,21.47,0.0605,🟢 停利,2,21.47,19.23
2301,2023-06-02,2023-06-05,77.35,82.83,0.0646,🟢 停利,1,82.83,73.7
2377,2023-05-25,2023-06-07,149.57,159.48,0.06,🟢 停利,9,159.48,142.97
2368,2023-05-26,2023-06-07,120.57,132.05,0.0889,🟢 停利,8,132.05,112.91
2376,2023-06-02,2023-06-07,179.71,199.89,0.1058,🟢 停利,3,199.89,166.25
2383,2023-05-26,2023-06-08,196.95,218.11,0.101,🟢 停利,9,218.11,182.84
2610,2023-06-02,2023-06-08,21.55,20.55,-0.0518,🔴 停損,4,23.04,20.55
2344,2023-06-07,2023-06-08,27.44,25.85,-0.0636,🔴 停損,1,29.83,25.85
2891,2023-05-19,2023-06-09,21.07,21.74,0.0259,🟢 停利,15,21.74,20.62
2357,2023-05-18,2023-06-12,266.24,281.12,0.0497,🟢 停利,17,281.12,256.31
2618,2023-06-05,2023-06-12,32.14,30.18,-0.0663,🔴 停損,5,35.07,30.18
2301,2023-06-07,2023-06-12,85.23,92.27,0.0762,🟢 停利,3,92.27,80.54
2376,2023-06-08,2023-06-12,202.75,229.02,0.1229,🟢 停利,2,229.02,185.24
2324,2023-05-29,2023-06-13,24.95,26.31,0.0484,🟢 停利,11,26.31,24.04
3231,2023-05-30,2023-06-14,63.44,71.09,0.1141,🟢 停利,11,71.09,58.34
2610,2023-06-08,2023-06-14,20.81,22.49,0.0742,🟢 停利,4,22.49,19.7
2301,2023-06-12,2023-06-15,90.42,98.75,0.0857,🟢 停利,3,98.75,84.87
2308,2023-06-13,2023-06-15,320.6,339.86,0.0539,🟢 停利,2,339.86,307.75
2356,2023-06-14,2023-06-15,37.16,41.73,0.1164,🟢 停利,1,41.73,34.11
2382,2023-06-12,2023-06-16,122.0,137.61,0.1214,🟢 停利,4,137.61,111.6
2610,2023-06-15,2023-06-16,23.75,25.78,0.079,🟢 停利,1,25.78,22.4
2353,2023-06-12,2023-06-19,29.91,28.5,-0.0526,🔴 停損,5,32.02,28.5
2308,2023-06-15,2023-06-26,339.34,324.91,-0.0481,🔴 停損,5,361.0,324.91
2610,2023-06-16,2023-06-27,25.54,24.0,-0.0661,🔴 停損,5,27.87,24.0
3711,2023-06-07,2023-06-30,107.49,102.63,-0.0507,🔴 停損,15,114.77,102.63
3035,2023-06-27,2023-07-03,197.36,214.69,0.0814,🟢 停利,4,214.69,185.81
6285,2023-06-30,2023-07-03,84.62,90.27,0.0606,🟢 停利,1,90.27,80.85
2383,2023-06-09,2023-07-04,223.46,249.88,0.1117,🟢 停利,15,249.88,205.85
2449,2023-06-14,2023-07-04,51.09,55.1,0.0721,🟢 停利,12,55.1,48.42
2301,2023-06-15,2023-07-04,93.56,103.52,0.1,🟢 停利,11,103.52,86.91
2382,2023-06-19,2023-07-04,136.79,154.4,0.1221,🟢 停利,9,154.4,125.05
2308,2023-06-26,2023-07-04,325.75,353.59,0.0791,🟢 停利,6,353.59,307.19
3035,2023-07-03,2023-07-04,208.52,228.33,0.0886,🟢 停利,1,228.33,195.31
3035,2023-07-04,2023-07-05,223.06,245.43,0.0938,🟢 停利,1,245.43,208.15
6285,2023-07-04,2023-07-05,88.98,95.77,0.07,🟢 停利,1,95.77,84.45
2449,2023-07-04,2023-07-06,55.17,52.2,-0.0593,🔴 停損,2,59.62,52.2
3017,2023-07-04,2023-07-07,284.34,260.35,-0.0897,🔴 停損,3,320.31,260.35
3035,2023-07-05,2023-07-07,247.31,230.6,-0.073,🔴 停損,2,272.38,230.6
2377,2023-06-08,2023-07-10,161.7,152.76,-0.0608,🔴 停損,20,175.11,152.76
2376,2023-06-12,2023-07-10,223.02,252.26,0.1245,🟢 停利,18,252.26,203.53
6285,2023-07-05,2023-07-10,92.47,99.61,0.071,🟢 停利,3,99.61,87.71
2383,2023-07-07,2023-07-11,250.45,281.62,0.1179,🟢 停利,2,281.62,229.66
6285,2023-07-10,2023-07-11,95.09,103.29,0.0799,🟢 停利,1,103.29,89.62
2368,2023-07-03,2023-07-12,141.7,160.65,0.1271,🟢 停利,7,160.65,129.07
6669,2023-07-04,2023-07-12,1437.99,1630.84,0.1275,🟢 停利,6,1630.84,1309.42
2603,2023-07-06,2023-07-12,87.85,82.59,-0.0654,🔴 停損,4,95.75,82.59
2382,2023-07-05,2023-07-13,155.74,176.74,0.1282,🟢 停利,6,176.74,141.74
3035,2023-07-07,2023-07-13,243.43,272.45,0.1127,🟢 停利,4,272.45,224.08
2449,2023-07-10,2023-07-13,53.04,57.66,0.0808,🟢 停利,3,57.66,49.96
2301,2023-07-10,2023-07-13,99.82,115.88,0.1541,🟢 停利,3,115.88,89.11
6285,2023-07-11,2023-07-13,101.19,110.16,0.0822,🟢 停利,2,110.16,95.22
2383,2023-07-11,2023-07-13,264.18,294.93,0.1099,🟢 停利,2,294.93,243.68
3231,2023-07-12,2023-07-13,111.41,127.92,0.1415,🟢 停利,1,127.92,100.4
2368,2023-07-12,2023-07-13,158.52,178.69,0.1207,🟢 停利,1,178.69,145.07
2618,2023-06-16,2023-07-14,36.39,33.71,-0.0791,🔴 停損,18,40.42,33.71
6669,2023-07-12,2023-07-14,1586.09,1822.08,0.1421,🟢 停利,2,1822.08,1428.76
3035,2023-07-13,2023-07-17,262.34,296.81,0.1248,🟢 停利,2,296.81,239.36
2449,2023-07-14,2023-07-18,57.24,62.13,0.0792,🟢 停利,2,62.13,53.97
2356,2023-07-17,2023-07-18,54.2,60.96,0.1183,🟢 停利,1,60.96,49.69
6285,2023-07-13,2023-07-19,107.68,100.69,-0.0704,🔴 停損,4,118.17,100.69
2383,2023-07-13,2023-07-20,284.06,318.01,0.113,🟢 停利,5,318.01,261.43
2449,2023-07-18,2023-07-20,62.58,58.81,-0.0659,🔴 停損,2,68.25,58.81
3706,2023-07-19,2023-07-20,46.03,41.99,-0.0931,🔴 停損,1,52.1,41.99
2382,2023-07-13,2023-07-21,181.62,205.33,0.1239,🟢 停利,6,205.33,165.81
3035,2023-07-17,2023-07-21,295.8,334.93,0.1257,🟢 停利,4,334.93,269.72
2382,2023-07-21,2023-07-24,188.55,218.71,0.1532,🟢 停利,1,218.71,168.45
3035,2023-07-21,2023-07-24,327.81,378.51,0.1479,🟢 停利,1,378.51,294.01
2356,2023-07-18,2023-07-25,60.84,67.92,0.1098,🟢 停利,5,67.92,56.13
2382,2023-07-24,2023-07-25,213.51,245.95,0.1452,🟢 停利,1,245.95,191.88
3035,2023-07-24,2023-07-26,377.75,340.66,-0.1035,🔴 停損,2,433.4,340.66
2357,2023-07-25,2023-07-26,356.35,338.35,-0.056,🔴 停損,1,383.34,338.35
2383,2023-07-20,2023-07-27,309.63,350.75,0.1262,🟢 停利,5,350.75,282.22
2881,2023-07-21,2023-07-27,51.56,53.64,0.0342,🟢 停利,4,53.64,50.18
3044,2023-07-26,2023-07-27,142.95,134.17,-0.0669,🔴 停損,1,156.13,134.17
2357,2023-07-26,2023-07-27,346.24,325.33,-0.0659,🔴 停損,1,377.61,325.33
2301,2023-07-14,2023-07-28,123.99,142.1,0.1393,🟢 停利,10,142.1,111.93
3044,2023-07-27,2023-07-31,138.79,153.65,0.1006,🟢 停利,2,153.65,128.88
2368,2023-07-13,2023-08-01,171.01,157.65,-0.0835,🔴 停損,13,191.04,157.65
6669,2023-07-14,2023-08-01,1815.4,1639.12,-0.1024,🔴 停損,12,2079.83,1639.12
2382,2023-07-25,2023-08-01,235.69,212.77,-0.1025,🔴 停損,5,270.07,212.77
2377,2023-07-27,2023-08-01,185.06,171.09,-0.0809,🔴 停損,3,206.01,171.09
3044,2023-07-31,2023-08-02,153.6,142.09,-0.0803,🔴 停損,2,170.86,142.09
2383,2023-07-27,2023-08-08,368.33,420.82,0.1358,🟢 停利,7,420.82,333.35
2379,2023-08-01,2023-08-09,372.73,353.9,-0.0561,🔴 停損,5,400.98,353.9
3044,2023-08-02,2023-08-09,149.43,170.08,0.1315,🟢 停利,4,170.08,135.67
3481,2023-08-01,2023-08-10,16.74,15.73,-0.0659,🔴 停損,6,18.26,15.73
2882,2023-08-08,2023-08-14,42.79,41.44,-0.0372,🔴 停損,4,44.82,41.44
2382,2023-08-01,2023-08-17,212.58,255.7,0.1958,🟢 停利,11,255.7,183.84
1519,2023-08-09,2023-08-22,171.77,209.79,0.2143,🟢 停利,9,209.79,146.42
2449,2023-07-20,2023-08-23,59.3,65.86,0.1041,🟢 停利,23,65.86,54.93
2357,2023-07-27,2023-08-23,344.41,377.74,0.0904,🟢 停利,18,377.74,322.19
2360,2023-07-14,2023-08-24,257.41,289.33,0.1175,🟢 停利,28,289.33,236.12
3044,2023-08-09,2023-08-24,155.91,182.66,0.1648,🟢 停利,11,182.66,138.07
2301,2023-07-28,2023-09-11,130.71,115.76,-0.1195,⚪ 時間到期,30,157.7,112.71
3034,2023-09-14,2023-09-15,394.84,415.17,0.0453,🟢 停利,1,415.17,381.29
2454,2023-09-14,2023-09-18,660.13,693.14,0.0439,🟢 停利,2,693.14,638.13
2383,2023-08-08,2023-09-19,417.1,384.16,-0.0843,⚪ 時間到期,30,488.47,369.52
3034,2023-09-15,2023-09-20,404.71,390.76,-0.0401,🔴 停損,3,425.64,390.76
3661,2023-09-15,2023-09-20,2628.81,2411.87,-0.0879,🔴 停損,3,2954.23,2411.87
3533,2023-09-15,2023-09-20,868.14,818.95,-0.0622,🔴 停損,3,941.91,818.95
6446,2023-09-15,2023-09-20,326.4,306.04,-0.0679,🔴 停損,3,356.95,306.04
2379,2023-09-15,2023-09-21,381.54,360.37,-0.061,🔴 停損,4,413.29,360.37
2891,2023-09-14,2023-10-04,22.45,21.78,-0.0353,🔴 停損,13,23.44,21.78
6285,2023-09-14,2023-10-04,128.13,117.72,-0.0866,🔴 停損,13,143.74,117.72
2327,2023-09-14,2023-10-12,99.45,105.3,0.0526,🟢 停利,17,105.3,95.56
2344,2023-10-11,2023-10-16,27.61,26.29,-0.0534,🔴 停損,3,29.59,26.29
2454,2023-10-11,2023-10-16,709.53,759.24,0.0638,🟢 停利,3,759.24,676.39
2344,2023-10-16,2023-10-17,27.56,26.09,-0.0587,🔴 停損,1,29.75,26.09
2368,2023-10-11,2023-10-18,215.2,196.08,-0.0942,🔴 停損,5,243.88,196.08
2303,2023-10-12,2023-10-20,41.82,43.96,0.0449,🟢 停利,6,43.96,40.4
2891,2023-10-12,2023-10-20,22.63,21.97,-0.0347,🔴 停損,6,23.61,21.97
2881,2023-10-12,2023-10-20,53.02,51.91,-0.0266,🔴 停損,6,54.68,51.91
2886,2023-10-11,2023-10-24,34.09,33.18,-0.0325,🔴 停損,9,35.46,33.18
2327,2023-10-12,2023-10-26,103.56,99.47,-0.045,🔴 停損,10,109.68,99.47
3711,2023-10-17,2023-10-26,109.26,104.4,-0.05,🔴 停損,7,116.54,104.4
3036,2023-10-11,2023-11-06,109.01,124.99,0.1399,🟢 停利,18,124.99,98.36
2454,2023-10-16,2023-11-07,752.64,806.12,0.0648,🟢 停利,16,806.12,716.98
3036,2023-11-06,2023-11-07,115.94,129.94,0.1142,🟢 停利,1,129.94,106.61
3036,2023-11-07,2023-11-08,124.26,138.6,0.1089,🟢 停利,1,138.6,114.69
3036,2023-11-08,2023-11-10,138.11,127.58,-0.0817,🔴 停損,2,153.91,127.58
3036,2023-11-10,2023-11-13,131.18,119.68,-0.093,🔴 停損,1,148.44,119.68
2891,2023-11-06,2023-11-15,23.08,24.15,0.0401,🟢 停利,7,24.15,22.37
3036,2023-11-13,2023-11-17,120.1,108.37,-0.103,🔴 停損,4,137.7,108.37
2327,2023-11-03,2023-11-28,107.66,115.9,0.0702,🟢 停利,17,115.9,102.17
2412,2023-11-03,2023-11-28,109.31,111.74,0.0163,🟢 停利,17,111.74,107.68
3533,2023-11-03,2023-12-08,831.84,905.19,0.0818,🟢 停利,25,905.19,782.95
2458,2023-11-03,2023-12-08,128.01,140.71,0.0927,🟢 停利,25,140.71,119.55
6285,2023-11-06,2023-12-12,129.04,142.81,0.1002,🟢 停利,26,142.81,119.86
2603,2023-11-15,2023-12-12,94.86,101.42,0.0629,🟢 停利,19,101.42,90.49
2454,2023-11-07,2023-12-14,799.34,862.39,0.0726,🟢 停利,27,862.39,757.31
2379,2023-11-28,2023-12-14,414.8,441.54,0.0583,🟢 停利,12,441.54,396.97
3034,2023-11-03,2023-12-15,436.12,465.66,0.0615,🟢 停利,30,465.66,416.42
3533,2023-12-12,2023-12-15,949.31,1014.21,0.0621,🟢 停利,3,1014.21,906.05
2204,2023-12-14,2023-12-18,110.05,102.27,-0.0761,🔴 停損,2,121.72,102.27
3533,2023-12-15,2023-12-18,1007.57,1075.76,0.0614,🟢 停利,1,1075.76,962.11
2379,2023-12-15,2023-12-18,453.13,431.61,-0.0531,🔴 停損,1,485.42,431.61
2303,2023-11-07,2023-12-19,43.69,44.49,0.0124,⚪ 時間到期,30,46.66,41.71
1519,2023-12-08,2023-12-19,293.42,266.06,-0.0985,🔴 停損,7,334.46,266.06
6285,2023-12-14,2023-12-19,156.91,146.71,-0.0705,🔴 停損,3,172.21,146.71
3533,2023-12-18,2023-12-19,1098.3,1045.49,-0.0536,🔴 停損,1,1177.52,1045.49
2603,2023-12-18,2023-12-20,114.25,121.67,0.0588,🟢 停利,2,121.67,109.3
3533,2023-12-19,2023-12-20,1036.22,974.72,-0.0648,🔴 停損,1,1128.48,974.72
6285,2023-12-19,2023-12-21,150.45,139.14,-0.0806,🔴 停損,2,167.41,139.14
2609,2023-12-20,2023-12-21,43.21,46.44,0.0684,🟢 停利,1,46.44,41.06
2408,2023-12-05,2023-12-22,73.5,79.22,0.0715,🟢 停利,13,79.22,69.69
2327,2023-12-12,2023-12-22,121.53,116.63,-0.046,🔴 停損,8,128.89,116.63
2609,2023-12-21,2023-12-22,43.73,47.2,0.073,🟢 停利,1,47.2,41.42
2609,2023-12-22,2023-12-25,48.86,46.09,-0.0623,🔴 停損,1,53.02,46.09
2353,2023-12-22,2023-12-25,41.35,44.48,0.0694,🟢 停利,1,44.48,39.26
2454,2023-12-18,2023-12-27,893.65,938.51,0.0441,🟢 停利,7,938.51,863.74
2357,2023-12-22,2023-12-27,415.13,449.36,0.0761,🟢 停利,3,449.36,392.3
2324,2023-12-22,2023-12-27,32.99,35.87,0.0807,🟢 停利,3,35.87,31.08
2353,2023-12-25,2023-12-27,43.79,47.08,0.0688,🟢 停利,2,47.08,41.6
2353,2023-12-27,2023-12-28,47.34,51.4,0.0795,🟢 停利,1,51.4,44.63
2353,2023-12-28,2024-01-03,49.64,46.61,-0.0665,🔴 停損,3,54.18,46.61
6239,2023-12-19,2024-01-04,128.17,120.08,-0.0686,🔴 停損,11,140.3,120.08
2603,2023-12-20,2024-01-04,121.67,130.64,0.0675,🟢 停利,10,130.64,115.69
2609,2023-12-25,2024-01-04,46.95,51.44,0.0893,🟢 停利,7,51.44,43.95
2357,2023-12-27,2024-01-04,439.0,414.16,-0.0621,🔴 停損,5,476.27,414.16
2379,2023-12-20,2024-01-05,437.89,414.52,-0.0589,🔴 停損,11,472.95,414.52
2324,2023-12-27,2024-01-05,35.51,33.27,-0.0685,🔴 停損,6,38.87,33.27
2377,2023-12-27,2024-01-05,185.45,174.15,-0.0664,🔴 停損,6,202.41,174.15
5871,2024-01-05,2024-01-08,170.64,164.03,-0.0443,🔴 停損,1,180.55,164.03
2353,2024-01-03,2024-01-09,47.8,44.15,-0.0817,🔴 停損,4,53.27,44.15
2603,2024-01-05,2024-01-09,134.46,124.72,-0.0778,🔴 停損,2,149.06,124.72
2883,2023-11-28,2024-01-10,11.2,11.11,-0.0139,⚪ 時間到期,30,11.82,10.79
2610,2024-01-05,2024-01-10,20.81,19.87,-0.0507,🔴 停損,3,22.22,19.87
3481,2024-01-08,2024-01-10,15.08,14.32,-0.0559,🔴 停損,2,16.22,14.32
2891,2024-01-09,2024-01-10,25.8,25.12,-0.0318,🔴 停損,1,26.81,25.12
2606,2023-12-08,2024-01-16,47.66,43.98,-0.0826,🔴 停損,26,53.18,43.98
2618,2024-01-04,2024-01-16,29.53,28.17,-0.0516,🔴 停損,8,31.57,28.17
2344,2024-01-04,2024-01-17,29.3,27.39,-0.0707,🔴 停損,9,32.16,27.39
3036,2024-01-16,2024-01-17,118.37,131.9,0.1078,🟢 停利,1,131.9,109.35
3481,2024-01-10,2024-01-18,14.49,15.78,0.0828,🟢 停利,6,15.78,13.63
3231,2024-01-18,2024-01-19,92.81,100.62,0.0779,🟢 停利,1,100.62,87.6
3706,2024-01-04,2024-01-22,38.13,41.45,0.0807,🟢 停利,12,41.45,35.91
2382,2024-01-18,2024-01-22,210.73,231.04,0.09,🟢 停利,2,231.04,197.19
2385,2024-01-19,2024-01-23,159.68,151.24,-0.0583,🔴 停損,2,172.33,151.24
3036,2024-01-18,2024-01-30,136.69,152.54,0.1095,🟢 停利,8,152.54,126.12
3034,2024-01-22,2024-02-05,461.24,441.77,-0.0478,🔴 停損,10,490.45,441.77
3035,2024-01-16,2024-02-15,403.94,445.55,0.0966,🟢 停利,15,445.55,376.2
2330,2024-01-22,2024-02-15,610.46,633.89,0.0323,🟢 停利,11,633.89,594.83
3231,2024-01-23,2024-02-15,109.52,119.4,0.0839,🟢 停利,10,119.4,102.93
2376,2024-02-05,2024-02-16,315.31,349.27,0.1012,🟢 停利,2,349.27,292.68
3017,2024-02-15,2024-02-20,507.52,469.31,-0.0807,🔴 停損,3,564.84,469.31
2383,2024-02-15,2024-02-20,516.4,480.73,-0.0745,🔴 停損,3,569.9,480.73
2376,2024-02-16,2024-02-21,351.55,326.52,-0.0766,🔴 停損,3,389.11,326.52
2891,2024-01-10,2024-02-22,25.39,26.41,0.034,🟢 停利,24,26.41,24.71
2379,2024-02-22,2024-02-23,469.3,509.21,0.0787,🟢 停利,1,509.21,442.69
2357,2024-01-04,2024-02-26,427.07,432.12,0.0059,⚪ 時間到期,30,472.18,396.99
3481,2024-01-19,2024-02-27,15.96,14.86,-0.0745,🔴 停損,20,17.61,14.86
3044,2024-02-20,2024-02-27,206.8,194.21,-0.0663,🔴 停損,5,225.67,194.21
2449,2024-02-26,2024-02-27,88.2,83.26,-0.0616,🔴 停損,1,95.62,83.26
2603,2024-01-10,2024-03-04,124.15,140.23,0.123,🟢 停利,30,140.23,113.42
2353,2024-01-10,2024-03-04,43.61,42.23,-0.0373,⚪ 時間到期,30,50.23,39.19
6239,2024-01-30,2024-03-04,135.89,148.57,0.0869,🟢 停利,16,148.57,127.44
2360,2024-02-27,2024-03-05,214.98,238.01,0.1006,🟢 停利,4,238.01,199.63
2379,2024-02-23,2024-03-06,511.8,555.03,0.0781,🟢 停利,7,555.03,482.97
2454,2024-02-27,2024-03-07,1037.18,1115.31,0.0691,🟢 停利,6,1115.31,985.09
2881,2024-03-04,2024-03-08,57.58,59.37,0.0251,🟢 停利,4,59.37,56.38
6239,2024-03-04,2024-03-08,146.35,160.8,0.0923,🟢 停利,4,160.8,136.71
2317,2024-03-05,2024-03-11,100.67,104.55,0.0325,🟢 停利,4,104.55,98.08
2368,2024-02-20,2024-03-12,253.63,231.15,-0.094,🔴 停損,14,287.35,231.15
2385,2024-03-08,2024-03-12,205.88,190.63,-0.0795,🔴 停損,2,228.75,190.63
6669,2024-03-04,2024-03-13,2426.9,2191.86,-0.1021,🔴 停損,7,2779.47,2191.86
2360,2024-03-07,2024-03-13,262.17,242.15,-0.0818,🔴 停損,4,292.2,242.15
2404,2024-03-12,2024-03-13,337.5,370.57,0.0916,🟢 停利,1,370.57,315.45
2385,2024-03-12,2024-03-13,186.14,210.9,0.1264,🟢 停利,1,210.9,169.63
2376,2024-02-21,2024-03-14,329.43,301.29,-0.0908,🔴 停損,15,371.65,301.29
2404,2024-03-13,2024-03-14,371.52,347.3,-0.0707,🔴 停損,1,407.86,347.3
6239,2024-03-08,2024-03-15,157.71,173.8,0.0956,🟢 停利,5,173.8,146.98
2317,2024-03-13,2024-03-15,114.31,120.87,0.0512,🟢 停利,2,120.87,109.94
2404,2024-03-14,2024-03-15,378.78,353.06,-0.0733,🔴 停損,1,417.36,353.06
2303,2024-03-13,2024-03-18,46.98,45.49,-0.0374,🔴 停損,3,49.22,45.49
2882,2024-03-15,2024-03-18,44.44,43.47,-0.0275,🔴 停損,1,45.89,43.47
2317,2024-03-15,2024-03-18,120.43,128.05,0.0571,🟢 停利,1,128.05,115.35
2385,2024-03-13,2024-03-19,206.77,234.02,0.1252,🟢 停利,4,234.02,188.61
2317,2024-03-18,2024-03-21,125.13,134.3,0.067,🟢 停利,3,134.3,119.02
2385,2024-03-19,2024-03-22,228.3,207.36,-0.0971,🔴 停損,3,259.72,207.36
2412,2024-02-15,2024-03-25,112.55,114.91,0.015,🟢 停利,26,114.91,110.97
4938,2024-03-25,2024-03-26,94.01,88.95,-0.0593,🔴 停損,1,101.59,88.95
2317,2024-03-22,2024-03-28,135.48,147.4,0.0817,🟢 停利,4,147.4,127.53
2883,2024-03-18,2024-03-29,12.92,12.5,-0.0379,🔴 停損,9,13.55,12.5
3706,2024-03-28,2024-03-29,50.35,46.53,-0.0813,🔴 停損,1,56.08,46.53
2330,2024-03-11,2024-04-09,740.65,791.71,0.0627,🟢 停利,19,791.71,706.61
2882,2024-03-18,2024-04-09,43.71,45.24,0.029,🟢 停利,14,45.24,42.69
2308,2024-03-29,2024-04-11,334.22,313.58,-0.0672,🔴 停損,7,365.19,313.58
3034,2024-02-27,2024-04-12,525.85,567.52,0.0729,🟢 停利,30,567.52,498.08
1504,2024-03-21,2024-04-12,52.53,56.93,0.0774,🟢 停利,14,56.93,49.6
3231,2024-04-09,2024-04-15,124.62,114.47,-0.0868,🔴 停損,4,139.85,114.47
2382,2024-04-09,2024-04-15,271.74,250.34,-0.0841,🔴 停損,4,303.83,250.34
2353,2024-04-12,2024-04-15,46.69,44.42,-0.0543,🔴 停損,1,50.1,44.42
2379,2024-03-06,2024-04-16,541.36,506.12,-0.0706,🔴 停損,27,594.22,506.12
2891,2024-03-15,2024-04-16,28.96,28.1,-0.0354,🔴 停損,20,30.25,28.1
6239,2024-03-19,2024-04-16,179.07,164.25,-0.0881,🔴 停損,18,201.29,164.25
2317,2024-03-28,2024-04-16,141.6,131.53,-0.0765,🔴 停損,11,156.7,131.53
2327,2024-04-09,2024-04-16,121.14,116.0,-0.048,🔴 停損,5,128.85,116.0
2330,2024-04-12,2024-04-16,797.4,767.63,-0.043,🔴 停損,2,842.05,767.63
2882,2024-04-12,2024-04-16,45.49,43.96,-0.0393,🔴 停損,2,47.79,43.96
1605,2024-04-15,2024-04-16,38.35,36.37,-0.0571,🔴 停損,1,41.32,36.37
2634,2024-04-15,2024-04-16,54.61,51.19,-0.0681,🔴 停損,1,59.75,51.19
1605,2024-04-16,2024-04-19,37.69,35.63,-0.06,🔴 停損,3,40.77,35.63
3034,2024-04-16,2024-04-19,550.08,522.89,-0.055,🔴 停損,3,590.87,522.89
2330,2024-04-17,2024-04-19,773.17,744.93,-0.0422,🔴 停損,2,815.54,744.93
3711,2024-04-17,2024-04-22,142.88,133.82,-0.0689,🔴 停損,3,156.47,133.82
3034,2024-04-19,2024-04-22,543.8,517.69,-0.0536,🔴 停損,1,582.97,517.69
1605,2024-04-19,2024-04-24,37.88,35.45,-0.0697,🔴 停損,3,41.53,35.45
2618,2024-04-24,2024-04-25,29.22,31.15,0.0597,🟢 停利,1,31.15,27.93
2882,2024-04-17,2024-04-29,43.8,46.07,0.0458,🟢 停利,8,46.07,42.28
2891,2024-04-22,2024-04-29,28.28,30.19,0.0612,🟢 停利,5,30.19,27.01
2618,2024-04-25,2024-04-29,31.1,33.38,0.0671,🟢 停利,2,33.38,29.58
2610,2024-04-29,2024-04-30,20.58,19.7,-0.0483,🔴 停損,1,21.89,19.7
2618,2024-04-29,2024-04-30,33.56,31.82,-0.0573,🔴 停損,1,36.16,31.82
2609,2024-04-29,2024-04-30,47.82,45.69,-0.05,🔴 停損,1,51.01,45.69
2609,2024-04-30,2024-05-03,46.08,43.68,-0.0576,🔴 停損,2,49.68,43.68
2634,2024-04-16,2024-05-08,54.99,51.29,-0.0728,🔴 停損,15,60.55,51.29
2609,2024-05-03,2024-05-09,44.6,48.72,0.0859,🟢 停利,4,48.72,41.86
1504,2024-04-16,2024-05-13,53.82,49.53,-0.0852,🔴 停損,18,60.26,49.53
1519,2024-04-16,2024-05-13,696.77,597.1,-0.148,🔴 停損,18,846.27,597.1
2330,2024-04-19,2024-05-13,745.08,789.26,0.0531,🟢 停利,15,789.26,715.62
2610,2024-04-30,2024-05-13,19.97,21.37,0.064,🟢 停利,8,21.37,19.03
2357,2024-05-13,2024-05-14,434.41,466.72,0.0681,🟢 停利,1,466.72,412.88
9945,2024-05-08,2024-05-15,39.36,42.63,0.0768,🟢 停利,5,42.63,37.18
2327,2024-05-09,2024-05-21,129.35,122.53,-0.0583,🔴 停損,8,139.58,122.53
6446,2024-05-21,2024-05-22,388.45,364.66,-0.0667,🔴 停損,1,424.12,364.66
3017,2024-04-22,2024-05-23,587.86,695.74,0.1766,🟢 停利,22,695.74,515.95
2615,2024-05-13,2024-05-27,65.32,71.44,0.0873,🟢 停利,10,71.44,61.24
2609,2024-05-15,2024-05-27,61.38,68.45,0.1086,🟢 停利,8,68.45,56.67
2353,2024-05-23,2024-05-27,50.1,54.24,0.0764,🟢 停利,2,54.24,47.34
2353,2024-05-27,2024-05-29,53.78,50.31,-0.0701,🔴 停損,2,59.0,50.31
2412,2024-04-17,2024-05-30,115.79,116.72,0.0021,⚪ 時間到期,30,119.54,113.29
3533,2024-05-27,2024-06-03,1642.68,1526.64,-0.0761,🔴 停損,5,1816.73,1526.64
4938,2024-05-27,2024-06-03,96.75,103.3,0.0615,🟢 停利,5,103.3,92.37
3017,2024-06-03,2024-06-04,759.33,697.7,-0.0865,🔴 停損,1,851.77,697.7
6446,2024-05-22,2024-06-05,377.21,414.36,0.0921,🟢 停利,10,414.36,352.43
2303,2024-05-23,2024-06-05,49.3,47.73,-0.0375,🔴 停損,9,51.65,47.73
2377,2024-05-29,2024-06-05,187.32,176.3,-0.0644,🔴 停損,5,203.86,176.3
2105,2024-06-03,2024-06-05,55.55,51.91,-0.0709,🔴 停損,2,61.0,51.91
2105,2024-06-05,2024-06-06,53.91,50.2,-0.0743,🔴 停損,1,59.47,50.2
2882,2024-05-13,2024-06-11,51.59,54.59,0.052,🟢 停利,20,54.59,49.59
2606,2024-05-14,2024-06-12,54.73,50.24,-0.0873,🔴 停損,20,61.45,50.24
2377,2024-06-05,2024-06-12,179.85,166.3,-0.0807,🔴 停損,4,200.17,166.3
2615,2024-06-11,2024-06-12,94.28,84.48,-0.1092,🔴 停損,1,108.98,84.48
2618,2024-04-30,2024-06-13,32.22,32.44,0.0011,⚪ 時間到期,30,35.0,30.36
2454,2024-05-30,2024-06-13,1157.03,1260.47,0.083,🟢 停利,9,1260.47,1088.07
2330,2024-06-12,2024-06-18,860.38,913.71,0.0558,🟢 停利,4,913.71,824.82
2327,2024-06-11,2024-06-19,132.08,140.64,0.0586,🟢 停利,6,140.64,126.38
4938,2024-06-04,2024-06-20,102.68,110.2,0.0669,🟢 停利,11,110.2,97.67
2327,2024-06-19,2024-06-21,139.31,148.28,0.0582,🟢 停利,2,148.28,133.33
2327,2024-06-21,2024-06-24,139.7,148.64,0.0578,🟢 停利,1,148.64,133.75
2449,2024-06-21,2024-06-24,102.74,113.07,0.0941,🟢 停利,1,113.07,95.86
2891,2024-05-13,2024-06-25,33.53,34.39,0.0196,⚪ 時間到期,30,36.09,31.83
2330,2024-06-20,2024-06-25,944.43,902.38,-0.0501,🔴 停損,3,1007.5,902.38
6446,2024-06-13,2024-06-27,437.45,491.13,0.1162,🟢 停利,10,491.13,401.66
3481,2024-06-25,2024-06-27,15.18,14.37,-0.0584,🔴 停損,2,16.38,14.37
2317,2024-06-18,2024-07-02,188.64,205.08,0.0808,🟢 停利,10,205.08,177.68
2882,2024-06-12,2024-07-03,53.24,56.56,0.0563,🟢 停利,15,56.56,51.02
2881,2024-07-02,2024-07-04,69.09,72.09,0.0374,🟢 停利,2,72.09,67.09
2615,2024-06-13,2024-07-08,83.68,72.81,-0.135,🔴 停損,17,99.98,72.81
2449,2024-06-25,2024-07-08,106.97,118.76,0.1038,🟢 停利,9,118.76,99.1
2330,2024-06-27,2024-07-08,924.98,991.59,0.0658,🟢 停利,7,991.59,880.56
6446,2024-06-27,2024-07-08,490.95,542.54,0.0986,🟢 停利,7,542.54,456.56
2610,2024-07-03,2024-07-08,23.48,22.26,-0.0571,🔴 停損,3,25.29,22.26
2308,2024-06-24,2024-07-10,371.39,406.21,0.0874,🟢 停利,12,406.21,348.18
2881,2024-07-04,2024-07-10,72.01,75.29,0.0394,🟢 停利,4,75.29,69.83
3045,2024-07-08,2024-07-10,100.82,96.8,-0.0455,🔴 停損,2,106.85,96.8
4904,2024-07-08,2024-07-10,82.18,78.4,-0.0515,🔴 停損,2,87.84,78.4
2327,2024-06-24,2024-07-11,148.69,158.69,0.061,🟢 停利,13,158.69,142.03
2882,2024-07-08,2024-07-11,58.33,61.86,0.0544,🟢 停利,3,61.86,55.97
2881,2024-07-10,2024-07-11,75.36,78.72,0.0384,🟢 停利,1,78.72,73.13
2345,2024-06-05,2024-07-12,513.87,568.31,0.0995,🟢 停利,26,568.31,477.58
2891,2024-07-08,2024-07-15,36.25,35.25,-0.0333,🔴 停損,5,37.75,35.25
2368,2024-07-08,2024-07-15,224.88,209.78,-0.0726,🔴 停損,5,247.53,209.78
2891,2024-07-15,2024-07-16,36.53,35.37,-0.0374,🔴 停損,1,38.27,35.37
6446,2024-07-10,2024-07-17,515.23,576.4,0.1122,🟢 停利,5,576.4,474.45
3443,2024-06-05,2024-07-18,1537.21,1410.2,-0.088,🔴 停損,30,1727.72,1410.2
2330,2024-07-11,2024-07-18,1035.86,991.75,-0.0482,🔴 停損,5,1102.02,991.75
2356,2024-07-12,2024-07-18,55.28,52.45,-0.0567,🔴 停損,4,59.52,52.45
2891,2024-07-16,2024-07-18,36.1,34.81,-0.0413,🔴 停損,2,38.03,34.81
2882,2024-07-11,2024-07-19,61.08,58.55,-0.047,🔴 停損,6,64.87,58.55
2308,2024-07-10,2024-07-22,405.29,381.0,-0.0654,🔴 停損,8,441.72,381.0
2881,2024-07-11,2024-07-22,77.25,74.76,-0.0379,🔴 停損,7,80.99,74.76
2327,2024-07-17,2024-07-22,160.51,151.95,-0.0589,🔴 停損,3,173.37,151.95
2357,2024-07-17,2024-07-22,475.71,453.66,-0.0519,🔴 停損,3,508.8,453.66
2891,2024-07-18,2024-07-22,35.11,33.77,-0.0437,🔴 停損,2,37.11,33.77
2356,2024-07-18,2024-07-22,53.07,49.55,-0.0717,🔴 停損,2,58.34,49.55
2882,2024-07-19,2024-07-22,61.36,58.42,-0.0536,🔴 停損,1,65.79,58.42
2330,2024-07-18,2024-07-26,960.96,911.85,-0.0567,🔴 停損,4,1034.64,911.85
2327,2024-07-22,2024-07-26,152.89,144.11,-0.063,🔴 停損,2,166.06,144.11
9945,2024-07-23,2024-07-26,45.4,49.76,0.0897,🟢 停利,1,49.76,42.49
9945,2024-07-26,2024-07-29,46.8,51.52,0.0944,🟢 停利,1,51.52,43.65
3037,2024-07-23,2024-07-30,193.62,178.0,-0.086,🔴 停損,3,217.04,178.0
9945,2024-07-29,2024-07-30,51.14,47.74,-0.0719,🔴 停損,1,56.23,47.74
2886,2024-07-10,2024-08-05,37.93,36.97,-0.0311,🔴 停損,16,39.38,36.97
2881,2024-07-22,2024-08-05,75.75,72.23,-0.0521,🔴 停損,8,81.04,72.23
6446,2024-07-22,2024-08-05,586.26,540.18,-0.084,🔴 停損,8,655.39,540.18
2882,2024-07-22,2024-08-05,58.9,55.73,-0.0593,🔴 停損,8,63.65,55.73
2891,2024-07-22,2024-08-05,34.16,32.7,-0.0483,🔴 停損,8,36.35,32.7
2330,2024-07-26,2024-08-05,889.96,834.23,-0.0681,🔴 停損,6,973.56,834.23
5871,2024-07-26,2024-08-05,137.74,131.54,-0.0506,🔴 停損,6,147.03,131.54
3481,2024-07-29,2024-08-05,15.27,14.09,-0.0826,🔴 停損,5,17.04,14.09
9945,2024-07-30,2024-08-05,48.73,45.09,-0.0801,🔴 停損,4,54.19,45.09
6446,2024-08-14,2024-08-15,658.2,595.17,-0.101,🔴 停損,1,752.75,595.17
2886,2024-08-14,2024-09-04,37.55,35.87,-0.0502,🔴 停損,15,40.06,35.87
2303,2024-08-14,2024-09-04,52.13,49.3,-0.0599,🔴 停損,15,56.39,49.3
3045,2024-08-16,2024-09-18,105.14,111.62,0.0554,🟢 停利,22,111.62,100.82
2357,2024-08-14,2024-09-20,481.42,544.0,0.1234,🟢 停利,26,544.0,439.7
2412,2024-08-14,2024-09-24,117.46,122.01,0.0327,🟢 停利,28,122.01,114.43
6446,2024-08-16,2024-09-24,642.91,572.24,-0.1151,🔴 停損,26,748.93,572.24
2603,2024-08-16,2024-09-25,162.34,180.9,0.1078,🟢 停利,27,180.9,149.97
6446,2024-09-24,2024-09-26,615.94,577.18,-0.0684,🔴 停損,2,674.07,577.18
2883,2024-08-16,2024-09-30,15.15,15.47,0.0157,⚪ 時間到期,30,16.62,14.17
2881,2024-08-16,2024-09-30,79.99,83.9,0.0427,⚪ 時間到期,30,88.17,74.54
2615,2024-09-30,2024-10-01,103.15,96.44,-0.0705,🔴 停損,1,113.22,96.44
3045,2024-09-20,2024-10-04,111.38,107.88,-0.0371,🔴 停損,8,116.64,107.88
2618,2024-09-20,2024-10-04,34.93,33.69,-0.0412,🔴 停損,8,36.79,33.69
2603,2024-09-25,2024-10-04,178.41,170.03,-0.0525,🔴 停損,5,190.97,170.03
2609,2024-09-26,2024-10-04,63.35,60.2,-0.0552,🔴 停損,4,68.06,60.2
2002,2024-10-04,2024-10-09,23.41,22.42,-0.0478,🔴 停損,3,24.89,22.42
5871,2024-10-01,2024-10-11,152.41,144.25,-0.059,🔴 停損,5,164.64,144.25
2002,2024-10-09,2024-10-11,23.31,22.35,-0.047,🔴 停損,1,24.75,22.35
2360,2024-09-20,2024-10-16,361.78,408.73,0.1232,🟢 停利,15,408.73,330.47
2330,2024-10-11,2024-10-18,1001.4,1060.87,0.0532,🟢 停利,5,1060.87,961.75
2603,2024-10-04,2024-10-21,161.04,175.76,0.085,🟢 停利,10,175.76,151.23
2883,2024-10-18,2024-10-22,16.65,16.01,-0.0436,🔴 停損,2,17.6,16.01
3231,2024-10-16,2024-10-25,103.47,111.27,0.0691,🟢 停利,7,111.27,98.26
2330,2024-10-21,2024-10-29,1064.9,1016.64,-0.0509,🔴 停損,6,1137.29,1016.64
6415,2024-10-11,2024-11-01,538.28,488.0,-0.0987,🔴 停損,14,613.7,488.0
2609,2024-10-04,2024-11-04,57.25,63.18,0.0971,🟢 停利,19,63.18,53.3
2376,2024-11-04,2024-11-06,272.98,296.93,0.0814,🟢 停利,2,296.93,257.02
1216,2024-09-20,2024-11-07,84.62,85.0,-0.0013,⚪ 時間到期,30,89.49,81.37
3231,2024-10-29,2024-11-08,108.78,117.99,0.0783,🟢 停利,7,117.99,102.64
2610,2024-11-01,2024-11-08,21.3,22.62,0.0562,🟢 停利,5,22.62,20.41
2891,2024-09-24,2024-11-11,33.35,35.25,0.0506,⚪ 時間到期,30,35.35,32.02
3231,2024-11-11,2024-11-12,119.9,112.7,-0.0656,🔴 停損,1,130.71,112.7
3706,2024-11-11,2024-11-12,53.41,56.67,0.0549,🟢 停利,1,56.67,51.23
3706,2024-11-12,2024-11-13,53.95,57.74,0.064,🟢 停利,1,57.74,51.42
2882,2024-09-30,2024-11-15,63.93,63.45,-0.0132,⚪ 時間到期,30,67.8,61.35
2618,2024-11-13,2024-11-15,37.23,39.07,0.0431,🟢 停利,2,39.07,36.01
2356,2024-11-07,2024-11-18,49.99,47.24,-0.0606,🔴 停損,7,54.12,47.24
6669,2024-11-15,2024-11-18,2228.4,2087.61,-0.0687,🔴 停損,1,2439.59,2087.61
3045,2024-10-04,2024-11-19,109.94,105.96,-0.0419,🔴 停損,30,115.92,105.96
2603,2024-11-06,2024-11-19,188.82,202.37,0.0655,🟢 停利,9,202.37,179.79
3706,2024-11-18,2024-11-20,61.86,68.15,0.0953,🟢 停利,2,68.15,57.67
2324,2024-11-08,2024-11-21,35.36,33.96,-0.0452,🔴 停損,9,37.46,33.96
2610,2024-11-08,2024-11-22,22.35,23.58,0.0488,🟢 停利,10,23.58,21.54
3706,2024-11-20,2024-11-22,66.54,74.02,0.1059,🟢 停利,2,74.02,61.55
2317,2024-10-22,2024-11-27,203.61,193.81,-0.0537,🔴 停損,25,218.3,193.81
2382,2024-10-25,2024-11-27,292.54,273.74,-0.0697,🔴 停損,22,320.75,273.74
9904,2024-11-19,2024-11-27,40.91,38.74,-0.0588,🔴 停損,6,44.18,38.74
2603,2024-11-19,2024-11-27,195.77,185.74,-0.0568,🔴 停損,6,210.81,185.74
2609,2024-11-22,2024-11-27,69.26,65.1,-0.0655,🔴 停損,3,75.5,65.1
3231,2024-11-12,2024-11-28,115.07,107.91,-0.0677,🔴 停損,12,125.8,107.91
2357,2024-11-18,2024-11-28,584.18,550.97,-0.0624,🔴 停損,8,633.98,550.97
2618,2024-11-15,2024-12-02,38.22,40.07,0.0422,🟢 停利,11,40.07,36.99
2610,2024-11-22,2024-12-03,23.51,24.94,0.0547,🟢 停利,7,24.94,22.56
2618,2024-12-02,2024-12-03,39.3,41.63,0.053,🟢 停利,1,41.63,37.75
2345,2024-12-02,2024-12-04,642.6,719.88,0.1137,🟢 停利,2,719.88,591.07
2383,2024-12-02,2024-12-04,468.36,510.03,0.0826,🟢 停利,2,510.03,440.57
2610,2024-12-03,2024-12-04,24.38,25.83,0.0534,🟢 停利,1,25.83,23.41
2404,2024-12-02,2024-12-05,408.59,447.02,0.0877,🟢 停利,3,447.02,382.97
2618,2024-12-03,2024-12-09,40.99,43.54,0.0559,🟢 停利,4,43.54,39.3
2610,2024-12-04,2024-12-11,25.87,24.73,-0.0495,🔴 停損,5,27.58,24.73
2383,2024-12-04,2024-12-11,503.4,550.63,0.0874,🟢 停利,5,550.63,471.91
2891,2024-11-21,2024-12-12,35.77,37.29,0.0364,🟢 停利,15,37.29,34.76
2204,2024-12-03,2024-12-16,78.8,72.15,-0.0897,🔴 停損,9,88.77,72.15
3706,2024-12-04,2024-12-16,78.41,68.99,-0.1253,🔴 停損,8,92.53,68.99
2886,2024-12-02,2024-12-19,38.32,37.4,-0.0296,🔴 停損,13,39.69,37.4
3533,2024-12-03,2024-12-20,1938.38,1797.49,-0.0781,🔴 停損,13,2149.7,1797.49
2379,2024-12-11,2024-12-27,491.63,531.36,0.0745,🟢 停利,12,531.36,465.15
2308,2024-12-12,2024-12-30,404.8,428.9,0.0533,🟢 停利,12,428.9,388.73
2883,2024-12-19,2024-12-31,16.6,16.1,-0.0356,🔴 停損,8,17.35,16.1
2404,2024-12-05,2025-01-02,432.62,475.88,0.0936,🟢 停利,19,475.88,403.78
3045,2024-12-20,2025-01-02,110.9,107.16,-0.0394,🔴 停損,8,116.52,107.16
2404,2025-01-03,2025-01-07,442.23,492.92,0.1081,🟢 停利,2,492.92,408.44
2345,2024-12-04,2025-01-08,693.92,779.36,0.1166,🟢 停利,24,779.36,636.97
6285,2024-12-27,2025-01-08,135.31,125.96,-0.0746,🔴 停損,7,149.35,125.96
2379,2024-12-31,2025-01-10,530.7,501.35,-0.0608,🔴 停損,7,574.72,501.35
2356,2025-01-07,2025-01-10,51.05,48.59,-0.0538,🔴 停損,3,54.74,48.59
2610,2024-12-11,2025-01-13,25.34,24.13,-0.0535,🔴 停損,22,27.16,24.13
2368,2024-12-16,2025-01-13,230.75,214.32,-0.0766,🔴 停損,19,255.38,214.32
3034,2025-01-03,2025-01-13,478.52,462.08,-0.04,🔴 停損,6,503.18,462.08
2357,2025-01-08,2025-01-13,615.57,588.74,-0.0492,🔴 停損,3,655.82,588.74
2454,2025-01-08,2025-01-13,1443.07,1365.79,-0.0591,🔴 停損,3,1558.99,1365.79
2618,2024-12-09,2025-01-21,42.69,44.1,0.027,⚪ 時間到期,30,45.54,40.79
3711,2025-01-14,2025-01-22,154.66,167.96,0.0796,🟢 停利,6,167.96,145.79
2356,2025-01-14,2025-02-03,48.74,46.29,-0.0558,🔴 停損,7,52.42,46.29
2454,2025-01-14,2025-02-03,1332.43,1451.82,0.0832,🟢 停利,7,1451.82,1252.84
2357,2025-01-14,2025-02-03,578.47,622.0,0.069,🟢 停利,7,622.0,549.45
2377,2025-01-10,2025-02-04,178.35,193.02,0.076,🟢 停利,10,193.02,168.56
3034,2025-01-22,2025-02-04,488.94,516.45,0.0501,🟢 停利,2,516.45,470.61
6446,2025-01-14,2025-02-12,634.82,695.65,0.0894,🟢 停利,14,695.65,594.27
2885,2024-12-30,2025-02-14,32.16,33.91,0.0483,🟢 停利,26,33.91,30.99
2404,2025-01-07,2025-02-14,473.96,439.11,-0.0789,🔴 停損,21,526.23,439.11
3711,2025-02-03,2025-02-14,155.14,169.09,0.0835,🟢 停利,9,169.09,145.84
2357,2025-02-04,2025-02-18,612.72,660.53,0.0717,🟢 停利,10,660.53,580.85
6446,2025-02-14,2025-02-18,684.27,643.18,-0.0655,🔴 停損,2,745.91,643.18
6446,2025-02-18,2025-02-20,645.61,602.45,-0.0723,🔴 停損,2,710.35,602.45
2002,2025-02-14,2025-02-25,21.64,23.21,0.0663,🟢 停利,7,23.21,20.59
2330,2025-02-03,2025-03-03,1044.47,999.85,-0.0483,🔴 停損,19,1111.41,999.85
2327,2025-02-14,2025-03-03,142.64,135.14,-0.0581,🔴 停損,10,153.9,135.14
1605,2025-02-18,2025-03-03,28.25,26.35,-0.0726,🔴 停損,8,31.1,26.35
2637,2025-02-26,2025-03-03,76.2,71.05,-0.0731,🔴 停損,2,83.93,71.05
2454,2025-02-04,2025-03-10,1452.69,1363.38,-0.067,🔴 停損,23,1586.66,1363.38
2881,2025-02-03,2025-03-11,84.92,82.71,-0.0317,🔴 停損,25,88.24,82.71
2395,2025-02-12,2025-03-11,400.29,373.04,-0.0735,🔴 停損,18,441.17,373.04
2344,2025-02-20,2025-03-13,19.1,21.16,0.1013,🟢 停利,14,21.16,17.73
2301,2025-01-21,2025-03-14,102.03,99.67,-0.0289,⚪ 時間到期,30,108.16,97.94
3034,2025-02-04,2025-03-19,508.84,511.69,-0.0003,⚪ 時間到期,30,538.12,489.32
2615,2025-05-14,2025-05-15,89.65,98.85,0.0961,🟢 停利,1,98.85,83.52
2603,2025-05-14,2025-05-16,203.58,219.14,0.0702,🟢 停利,2,219.14,193.21
2615,2025-05-15,2025-05-16,96.4,105.38,0.0868,🟢 停利,1,105.38,90.42
2615,2025-05-16,2025-05-19,99.29,108.85,0.0899,🟢 停利,1,108.85,92.92
2609,2025-05-15,2025-05-22,72.57,78.34,0.0731,🟢 停利,5,78.34,68.73
2615,2025-05-19,2025-05-22,107.49,117.9,0.0905,🟢 停利,3,117.9,100.55
2615,2025-05-22,2025-05-23,109.9,120.44,0.0895,🟢 停利,1,120.44,102.87
2615,2025-05-23,2025-05-26,123.88,115.67,-0.0717,🔴 停損,1,136.18,115.67
5871,2025-05-26,2025-05-28,118.85,113.45,-0.0511,🔴 停損,2,126.96,113.45
2891,2025-05-22,2025-06-02,40.22,38.49,-0.0486,🔴 停損,6,42.82,38.49
2890,2025-05-28,2025-06-02,21.71,20.83,-0.0462,🔴 停損,2,23.03,20.83
2383,2025-05-13,2025-06-03,680.08,763.29,0.1158,🟢 停利,14,763.29,624.61
2368,2025-05-13,2025-06-03,231.23,261.81,0.1256,🟢 停利,14,261.81,210.85
2884,2025-05-13,2025-06-09,28.22,29.68,0.0456,🟢 停利,18,29.68,27.25
2603,2025-05-16,2025-06-09,214.43,203.19,-0.058,🔴 停損,15,231.3,203.19
2345,2025-05-13,2025-06-10,688.99,776.12,0.1199,🟢 停利,19,776.12,630.9
3017,2025-06-09,2025-06-12,683.02,740.42,0.0777,🟢 停利,3,740.42,644.76
2890,2025-06-02,2025-06-16,21.2,22.61,0.06,🟢 停利,10,22.61,20.26
2301,2025-05-13,2025-06-17,98.22,105.45,0.0673,🟢 停利,24,105.45,93.4
6669,2025-05-14,2025-06-17,2267.24,2508.29,0.0999,🟢 停利,23,2508.29,2106.54
2892,2025-06-03,2025-06-17,25.41,26.59,0.0402,🟢 停利,10,26.59,24.63
2345,2025-06-17,2025-06-18,780.79,735.38,-0.0637,🔴 停損,1,848.9,735.38
3706,2025-06-17,2025-06-20,61.14,56.65,-0.0788,🔴 停損,3,67.87,56.65
2881,2025-06-09,2025-06-23,81.49,77.86,-0.0501,🔴 停損,10,86.93,77.86
2382,2025-05-14,2025-06-24,255.8,277.77,0.0796,🟢 停利,28,277.77,241.15
2357,2025-06-17,2025-06-24,654.58,693.26,0.0529,🟢 停利,5,693.26,628.8
2308,2025-06-20,2025-06-25,402.0,427.26,0.0566,🟢 停利,3,427.26,385.16
5871,2025-06-03,2025-07-03,112.79,122.02,0.0755,🟢 停利,22,122.02,106.64
2308,2025-06-25,2025-07-03,420.0,446.23,0.0562,🟢 停利,6,446.23,402.52
2383,2025-06-12,2025-07-04,856.76,937.9,0.0883,🟢 停利,16,937.9,802.67
3017,2025-06-16,2025-07-09,742.5,803.17,0.0754,🟢 停利,17,803.17,702.06
2344,2025-06-25,2025-07-10,20.09,18.53,-0.0831,🔴 停損,11,22.44,18.53
2884,2025-07-03,2025-07-10,31.51,32.71,0.0319,🟢 停利,5,32.71,30.72
2376,2025-06-02,2025-07-14,262.37,266.71,0.0106,⚪ 時間到期,30,284.65,247.52
1519,2025-06-18,2025-07-14,503.23,548.03,0.0827,🟢 停利,18,548.03,473.37
2404,2025-07-14,2025-07-21,706.61,766.75,0.0788,🟢 停利,5,766.75,666.52
2308,2025-07-14,2025-07-21,478.5,516.81,0.0738,🟢 停利,5,516.81,452.96
2882,2025-06-10,2025-07-22,64.21,61.7,-0.0447,⚪ 時間到期,30,71.67,59.24
2382,2025-06-24,2025-07-22,272.98,262.57,-0.0437,🔴 停損,20,288.58,262.57
2360,2025-07-03,2025-07-23,434.5,403.49,-0.0768,🔴 停損,14,481.01,403.49
2317,2025-07-04,2025-07-24,164.0,172.68,0.0468,🟢 停利,14,172.68,158.21
3706,2025-07-23,2025-07-25,73.64,68.21,-0.0792,🔴 停損,2,81.79,68.21
2368,2025-07-10,2025-07-29,318.0,353.27,0.1044,🟢 停利,13,353.27,294.49
2884,2025-07-10,2025-07-31,32.52,31.65,-0.0323,🔴 停損,15,33.81,31.65
1303,2025-07-29,2025-07-31,37.3,40.85,0.0887,🟢 停利,2,40.85,34.93
2404,2025-07-21,2025-08-05,765.0,835.05,0.0852,🟢 停利,10,835.05,718.3
2317,2025-07-29,2025-08-05,175.0,184.02,0.0454,🟢 停利,4,184.02,168.99
2357,2025-06-24,2025-08-06,648.87,680.0,0.0418,⚪ 時間到期,30,691.26,620.62
2301,2025-08-05,2025-08-06,120.96,130.83,0.0753,🟢 停利,1,130.83,114.38
2317,2025-08-05,2025-08-07,182.0,191.3,0.045,🟢 停利,2,191.3,175.8
3044,2025-07-22,2025-08-08,270.5,292.81,0.0761,🟢 停利,12,292.81,255.63
3017,2025-08-06,2025-08-08,980.42,1074.7,0.0898,🟢 停利,2,1074.7,917.57
1303,2025-07-31,2025-08-11,38.7,36.04,-0.0743,🔴 停損,6,42.7,36.04
2308,2025-08-06,2025-08-13,607.0,664.0,0.0875,🟢 停利,5,664.0,569.0
2404,2025-08-11,2025-08-13,970.0,1065.78,0.0923,🟢 停利,2,1065.78,906.15
2886,2025-07-09,2025-08-14,40.49,42.37,0.0404,🟢 停利,25,42.37,39.23
3661,2025-07-21,2025-08-14,3843.59,4239.59,0.0966,🟢 停利,17,4239.59,3579.59
2317,2025-08-07,2025-08-14,190.0,199.98,0.0464,🟢 停利,5,199.98,183.35
2404,2025-08-13,2025-08-14,973.0,1070.85,0.0941,🟢 停利,1,1070.85,907.77
1519,2025-07-31,2025-08-18,665.0,615.55,-0.0798,🔴 停損,11,739.17,615.55
3017,2025-08-08,2025-08-18,1035.94,1130.81,0.0852,🟢 停利,6,1130.81,972.69
2317,2025-08-14,2025-08-18,197.5,209.72,0.0557,🟢 停利,2,209.72,189.35
2368,2025-08-13,2025-08-20,475.0,443.2,-0.0724,🔴 停損,5,522.7,443.2
2449,2025-08-14,2025-08-20,141.0,130.1,-0.0827,🔴 停損,4,157.35,130.1
2308,2025-08-14,2025-08-20,667.0,627.6,-0.0646,🔴 停損,4,726.1,627.6
6669,2025-08-18,2025-08-20,3315.0,3101.5,-0.0699,🔴 停損,2,3635.25,3101.5
1504,2025-08-08,2025-08-21,56.3,61.25,0.0816,🟢 停利,9,61.25,53.0
1504,2025-08-21,2025-08-22,58.9,65.25,0.1014,🟢 停利,1,65.25,54.67
2327,2025-07-24,2025-08-25,133.75,142.15,0.0566,🟢 停利,21,142.15,128.15
1504,2025-08-22,2025-08-26,67.2,74.26,0.0986,🟢 停利,2,74.26,62.49
2404,2025-08-14,2025-08-27,1065.0,1176.17,0.0979,🟢 停利,9,1176.17,990.89
2308,2025-08-20,2025-08-27,628.0,692.05,0.0956,🟢 停利,5,692.05,585.3
2881,2025-08-20,2025-08-27,85.95,83.87,-0.0299,🔴 停損,5,89.07,83.87
1504,2025-08-26,2025-08-28,75.1,69.23,-0.0835,🔴 停損,2,83.9,69.23
2368,2025-08-20,2025-08-29,450.0,504.9,0.1154,🟢 停利,7,504.9,413.4
2317,2025-08-18,2025-09-01,207.5,198.5,-0.049,🔴 停損,10,221.0,198.5
2634,2025-08-29,2025-09-02,63.7,58.48,-0.0873,🔴 停損,2,71.53,58.48
2327,2025-09-01,2025-09-02,139.5,134.62,-0.0406,🔴 停損,1,146.81,134.62
2330,2025-07-22,2025-09-03,1132.95,1147.8,0.0072,⚪ 時間到期,30,1192.32,1093.37
2404,2025-08-27,2025-09-03,1185.0,1092.8,-0.0832,🔴 停損,5,1323.3,1092.8
2360,2025-09-02,2025-09-03,585.0,544.4,-0.0748,🔴 停損,1,645.9,544.4
1303,2025-08-18,2025-09-04,43.7,38.94,-0.1141,🔴 停損,13,50.84,38.94
2634,2025-09-02,2025-09-04,61.0,69.57,0.1339,🟢 停利,2,69.57,55.28
2634,2025-09-04,2025-09-08,69.6,63.24,-0.0966,🔴 停損,2,79.13,63.24
3711,2025-09-04,2025-09-08,156.5,167.45,0.0637,🟢 停利,2,167.45,149.2
2308,2025-08-27,2025-09-09,690.0,762.75,0.099,🟢 停利,9,762.75,641.5
1504,2025-08-28,2025-09-10,70.3,80.37,0.1365,🟢 停利,9,80.37,63.59
2383,2025-08-20,2025-09-11,1164.72,1307.15,0.1157,🟢 停利,16,1307.15,1069.77
2344,2025-09-08,2025-09-15,24.52,26.85,0.0885,🟢 停利,5,26.85,22.97
2408,2025-09-11,2025-09-15,55.5,62.98,0.1281,🟢 停利,2,62.98,50.51
2408,2025-09-15,2025-09-16,60.1,68.35,0.1306,🟢 停利,1,68.35,54.6
2344,2025-09-15,2025-09-18,26.81,29.86,0.1073,🟢 停利,3,29.86,24.78
2454,2025-09-10,2025-09-19,1491.1,1423.9,-0.0506,🔴 停損,7,1591.89,1423.9
2344,2025-09-18,2025-09-19,30.09,33.85,0.1184,🟢 停利,1,33.85,27.59
2449,2025-09-03,2025-09-22,152.5,174.1,0.135,🟢 停利,13,174.1,138.1
2301,2025-09-11,2025-09-22,158.16,175.06,0.1004,🟢 停利,7,175.06,146.89
6770,2025-09-19,2025-09-22,22.8,21.3,-0.071,🔴 停損,1,25.04,21.3
2360,2025-09-03,2025-09-23,556.0,620.12,0.1088,🟢 停利,14,620.12,513.25
6770,2025-09-22,2025-09-24,22.05,24.41,0.1007,🟢 停利,2,24.41,20.47
3481,2025-08-25,2025-09-25,13.5,14.54,0.0709,🟢 停利,23,14.54,12.8
2634,2025-09-08,2025-09-25,65.5,58.92,-0.1057,🔴 停損,13,75.37,58.92
6239,2025-09-16,2025-09-26,149.5,141.4,-0.0597,🔴 停損,8,161.65,141.4
2344,2025-09-19,2025-09-26,33.82,31.08,-0.0865,🔴 停損,5,37.94,31.08
2408,2025-09-22,2025-09-26,79.3,72.02,-0.0972,🔴 停損,4,90.23,72.02
2327,2025-09-23,2025-09-26,180.5,168.4,-0.0725,🔴 停損,3,198.65,168.4
2303,2025-09-25,2025-09-30,44.85,46.97,0.0412,🟢 停利,2,46.97,43.43
2324,2025-09-25,2025-09-30,34.02,31.92,-0.0673,🔴 停損,2,37.17,31.92
2317,2025-09-26,2025-09-30,230.0,219.85,-0.0497,🔴 停損,1,245.22,219.85
6770,2025-09-24,2025-10-01,23.7,26.49,0.1112,🟢 停利,4,26.49,21.84
3231,2025-09-30,2025-10-01,135.0,145.35,0.0704,🟢 停利,1,145.35,128.1
2303,2025-09-30,2025-10-01,45.55,44.0,-0.0396,🔴 停損,1,47.87,44.0
6770,2025-10-01,2025-10-02,25.4,28.93,0.1324,🟢 停利,1,28.93,23.04
2303,2025-10-01,2025-10-02,45.8,44.05,-0.0438,🔴 停損,1,48.42,44.05
1504,2025-10-01,2025-10-02,95.1,111.36,0.1641,🟢 停利,1,111.36,84.26
2330,2025-09-26,2025-10-03,1301.4,1370.55,0.047,🟢 停利,4,1370.55,1255.3
6770,2025-10-02,2025-10-03,30.1,27.55,-0.0902,🔴 停損,1,33.93,27.55
2308,2025-09-22,2025-10-07,880.0,970.15,0.096,🟢 停利,9,970.15,819.9
3231,2025-10-01,2025-10-07,146.0,157.62,0.0733,🟢 停利,3,157.62,138.25
2887,2025-09-26,2025-10-08,17.8,18.53,0.0348,🟢 停利,6,18.53,17.31
6770,2025-10-03,2025-10-09,27.5,31.68,0.1452,🟢 停利,3,31.68,24.72
2412,2025-08-27,2025-10-13,133.5,132.5,-0.0133,⚪ 時間到期,30,138.22,130.35
2317,2025-10-02,2025-10-13,221.5,210.45,-0.0554,🔴 停損,5,238.08,210.45
3231,2025-10-07,2025-10-13,157.0,147.4,-0.0666,🔴 停損,3,171.4,147.4
2376,2025-10-08,2025-10-13,308.0,288.95,-0.0673,🔴 停損,2,336.58,288.95
6770,2025-10-09,2025-10-13,31.5,28.21,-0.1098,🔴 停損,1,36.44,28.21
2887,2025-10-13,2025-10-14,18.45,19.21,0.035,🟢 停利,1,19.21,17.95
1605,2025-10-13,2025-10-15,30.05,27.41,-0.0932,🔴 停損,2,34.01,27.41
2887,2025-10-14,2025-10-15,18.85,19.68,0.0381,🟢 停利,1,19.68,18.3
3711,2025-09-09,2025-10-16,170.0,182.08,0.0648,🟢 停利,24,182.08,161.95
1504,2025-10-02,2025-10-21,108.5,125.85,0.1532,🟢 停利,11,125.85,96.93
3481,2025-09-26,2025-10-28,14.65,13.76,-0.0662,🔴 停損,18,15.98,13.76
6770,2025-10-13,2025-10-28,27.55,32.69,0.1798,🟢 停利,10,32.69,24.12
2330,2025-10-07,2025-10-29,1410.68,1491.06,0.0508,🟢 停利,14,1491.06,1357.09
2360,2025-10-17,2025-10-29,676.0,766.15,0.1267,🟢 停利,7,766.15,615.9
3711,2025-10-21,2025-10-29,200.0,219.05,0.0889,🟢 停利,5,219.05,187.3
2408,2025-10-28,2025-11-03,124.0,144.32,0.1571,🟢 停利,4,144.32,110.45
2308,2025-10-14,2025-11-04,1050.0,981.2,-0.071,🔴 停損,14,1153.2,981.2
2301,2025-10-29,2025-11-04,185.66,169.7,-0.0913,🔴 停損,4,209.61,169.7
2382,2025-10-03,2025-11-05,294.5,280.7,-0.0524,🔴 停損,20,315.2,280.7
2327,2025-10-28,2025-11-05,247.0,227.25,-0.0853,🔴 停損,6,276.62,227.25
6239,2025-10-29,2025-11-05,180.0,166.7,-0.0793,🔴 停損,5,199.95,166.7
2360,2025-11-03,2025-11-05,809.0,737.4,-0.0938,🔴 停損,2,916.4,737.4
3711,2025-11-04,2025-11-05,248.5,230.7,-0.0771,🔴 停損,1,275.2,230.7
3706,2025-11-04,2025-11-05,106.5,98.59,-0.0797,🔴 停損,1,118.36,98.59
2303,2025-11-05,2025-11-07,47.1,45.11,-0.0477,🔴 停損,2,50.08,45.11
1605,2025-10-15,2025-11-13,27.8,32.55,0.1639,🟢 停利,20,32.55,24.63
1303,2025-11-13,2025-11-14,51.6,56.98,0.0978,🟢 停利,1,56.98,48.01
1303,2025-11-14,2025-11-17,52.1,57.98,0.1064,🟢 停利,1,57.98,48.18
2887,2025-10-15,2025-11-18,19.15,18.56,-0.0365,🔴 停損,23,20.03,18.56
3036,2025-11-07,2025-11-18,153.0,141.35,-0.0815,🔴 停損,7,170.48,141.35
3711,2025-11-05,2025-11-19,230.0,211.1,-0.0875,🔴 停損,10,258.35,211.1
6239,2025-11-05,2025-11-19,168.0,153.4,-0.0922,🔴 停損,10,189.9,153.4
2881,2025-11-18,2025-11-19,91.2,88.23,-0.0382,🔴 停損,1,95.65,88.23
2408,2025-11-13,2025-11-20,164.5,144.98,-0.1238,🔴 停損,5,193.78,144.98
1519,2025-11-05,2025-11-21,748.0,693.6,-0.0781,🔴 停損,12,829.6,693.6
1303,2025-11-17,2025-11-21,57.4,53.13,-0.0799,🔴 停損,4,63.81,53.13
1301,2025-11-18,2025-11-21,42.7,39.91,-0.0709,🔴 停損,3,46.89,39.91
2408,2025-11-20,2025-11-21,169.5,146.6,-0.1402,🔴 停損,1,203.85,146.6
3231,2025-10-13,2025-11-25,142.5,139.5,-0.0268,⚪ 時間到期,30,158.93,131.55
2360,2025-11-05,2025-11-25,738.0,842.25,0.1346,🟢 停利,14,842.25,668.5
2881,2025-11-19,2025-11-26,89.6,94.37,0.0471,🟢 停利,5,94.37,86.42
1303,2025-11-21,2025-12-01,53.4,61.69,0.1484,🟢 停利,6,61.69,47.88
2303,2025-11-25,2025-12-05,46.05,49.18,0.0617,🟢 停利,8,49.18,43.96
2344,2025-11-19,2025-12-09,59.19,70.68,0.1871,🟢 停利,14,70.68,51.53
2885,2025-12-01,2025-12-09,35.95,38.07,0.0529,🟢 停利,6,38.07,34.54
6770,2025-10-29,2025-12-10,32.0,34.7,0.078,⚪ 時間到期,30,38.58,27.62
2891,2025-11-21,2025-12-11,43.1,45.01,0.0383,🟢 停利,14,45.01,41.82
2360,2025-11-25,2025-12-16,834.0,755.8,-0.0991,🔴 停損,15,951.3,755.8
2303,2025-12-05,2025-12-17,48.05,50.7,0.0489,🟢 停利,8,50.7,46.29
2882,2025-12-09,2025-12-17,68.5,72.27,0.0488,🟢 停利,6,72.27,65.99
2884,2025-12-11,2025-12-17,32.15,33.61,0.0394,🟢 停利,4,33.61,31.18
2891,2025-12-16,2025-12-17,46.3,48.33,0.0378,🟢 停利,1,48.33,44.94
2891,2025-12-17,2025-12-18,46.9,48.96,0.0377,🟢 停利,1,48.96,45.53
2887,2025-12-17,2025-12-18,20.2,21.17,0.0418,🟢 停利,1,21.17,19.56
2408,2025-11-21,2025-12-22,141.5,178.25,0.2524,🟢 停利,21,178.25,117.0
2885,2025-12-10,2025-12-23,38.2,40.48,0.0535,🟢 停利,9,40.48,36.68
2887,2025-12-18,2025-12-24,21.65,20.86,-0.0419,🔴 停損,4,22.83,20.86
1301,2025-11-21,2026-01-06,40.6,38.2,-0.0646,⚪ 時間到期,30,45.14,37.57
2303,2025-12-17,2026-01-07,49.45,52.61,0.0576,🟢 停利,13,52.61,47.35
2408,2026-01-06,2026-01-07,214.0,239.28,0.1116,🟢 停利,1,239.28,197.15
3481,2026-01-07,2026-01-08,22.55,20.88,-0.0795,🔴 停損,1,25.05,20.88
2881,2025-11-26,2026-01-09,93.9,95.5,0.0111,⚪ 時間到期,30,99.75,90.0
2368,2025-11-26,2026-01-09,600.0,637.0,0.0555,⚪ 時間到期,30,703.42,531.05
2408,2026-01-07,2026-01-09,242.0,224.05,-0.0796,🔴 停損,2,268.92,224.05
3481,2026-01-08,2026-01-09,22.0,20.12,-0.091,🔴 停損,1,24.83,20.12
3037,2025-12-09,2026-01-13,221.5,252.76,0.1345,🟢 停利,23,252.76,200.66
2404,2025-12-17,2026-01-13,963.0,1071.45,0.1061,🟢 停利,17,1071.45,890.7
3481,2026-01-09,2026-01-14,21.0,24.01,0.1365,🟢 停利,3,24.01,18.99
1605,2026-01-13,2026-01-16,40.0,45.74,0.1369,🟢 停利,3,45.74,36.17
2885,2025-12-23,2026-01-19,40.0,42.47,0.0555,🟢 停利,17,42.47,38.36
2887,2025-12-24,2026-01-19,21.05,22.38,0.0572,🟢 停利,16,22.38,20.16
2330,2026-01-09,2026-01-19,1659.59,1761.24,0.0551,🟢 停利,6,1761.24,1591.81
2408,2026-01-09,2026-01-19,233.0,261.88,0.1174,🟢 停利,6,261.88,213.75
2303,2026-01-13,2026-01-19,55.5,60.19,0.0781,🟢 停利,4,60.19,52.37
1605,2026-01-16,2026-01-20,45.9,41.66,-0.0978,🔴 停損,2,52.27,41.66
3037,2026-01-19,2026-01-20,278.0,309.95,0.1084,🟢 停利,1,309.95,256.7
6446,2026-01-19,2026-01-21,600.0,569.15,-0.057,🔴 停損,2,646.28,569.15
1519,2026-01-19,2026-01-22,963.0,1061.7,0.0961,🟢 停利,3,1061.7,897.2
3037,2026-01-20,2026-01-22,297.0,331.72,0.1104,🟢 停利,2,331.72,273.85
2303,2026-01-21,2026-01-23,70.9,65.99,-0.0747,🔴 停損,2,78.27,65.99
6239,2026-01-14,2026-01-27,245.5,277.52,0.1238,🟢 停利,9,277.52,224.15
2303,2026-01-23,2026-01-28,68.0,76.44,0.1175,🟢 停利,3,76.44,62.37
2891,2025-12-18,2026-01-29,49.9,52.26,0.0412,🟢 停利,28,52.26,48.33
2330,2026-01-19,2026-01-29,1719.39,1826.29,0.056,🟢 停利,8,1826.29,1648.12
6285,2026-01-27,2026-01-29,157.5,177.45,0.1201,🟢 停利,2,177.45,144.2
2303,2026-01-28,2026-01-29,79.6,72.34,-0.0965,🔴 停損,1,90.48,72.34
3037,2026-01-22,2026-01-30,335.5,373.98,0.1082,🟢 停利,6,373.98,309.85
1519,2026-01-22,2026-01-30,1045.0,970.0,-0.0772,🔴 停損,6,1157.5,970.0
3044,2026-01-29,2026-01-30,404.0,380.15,-0.0645,🔴 停損,1,439.78,380.15
2303,2026-01-29,2026-01-30,70.3,62.67,-0.1137,🔴 停損,1,81.75,62.67
2327,2026-01-19,2026-02-02,285.0,265.2,-0.0749,🔴 停損,10,314.7,265.2
6285,2026-01-29,2026-02-02,171.5,194.74,0.1288,🟢 停利,2,194.74,156.01
1326,2026-01-30,2026-02-02,44.25,40.47,-0.0908,🔴 停損,1,49.92,40.47
1605,2026-01-20,2026-02-03,41.55,37.0,-0.1147,🔴 停損,10,48.37,37.0
3044,2026-01-30,2026-02-03,384.0,421.5,0.0912,🟢 停利,2,421.5,359.0
2408,2026-02-02,2026-02-03,310.0,269.7,-0.1351,🔴 停損,1,370.45,269.7
2882,2025-12-22,2026-02-04,75.8,76.2,-0.0006,⚪ 時間到期,30,80.14,72.91
6285,2026-02-02,2026-02-06,190.5,172.1,-0.1019,🔴 停損,4,218.1,172.1
3044,2026-02-03,2026-02-06,402.0,374.75,-0.0732,🔴 停損,3,442.88,374.75
3037,2026-02-03,2026-02-06,384.5,344.8,-0.1085,🔴 停損,3,444.05,344.8
3711,2026-01-13,2026-02-09,289.0,317.73,0.093,🟢 停利,19,317.73,269.85
3711,2026-02-09,2026-02-10,319.5,356.4,0.109,🟢 停利,1,356.4,294.9
3037,2026-02-06,2026-02-23,336.0,403.5,0.1939,🟢 停利,4,403.5,291.0
1326,2026-02-02,2026-02-25,41.55,47.57,0.1381,🟢 停利,10,47.57,37.54
2454,2026-01-30,2026-02-26,1770.0,1936.14,0.0875,🟢 停利,12,1936.14,1659.24
6770,2026-01-30,2026-02-26,65.1,78.31,0.196,🟢 停利,12,78.31,56.29
2360,2026-02-26,2026-03-03,1380.0,1546.65,0.1142,🟢 停利,2,1546.65,1268.9
2002,2026-02-04,2026-03-04,20.65,19.4,-0.0658,🔴 停損,12,22.52,19.4
3044,2026-02-06,2026-03-04,384.0,351.75,-0.0893,🔴 停損,10,432.38,351.75
3711,2026-02-10,2026-03-04,358.0,333.25,-0.0746,🔴 停損,8,395.12,333.25
2330,2026-02-25,2026-03-04,1988.51,1909.27,-0.0455,🔴 停損,4,2107.37,1909.27
2308,2026-02-26,2026-03-04,1450.0,1325.0,-0.0915,🔴 停損,3,1637.5,1325.0
2360,2026-03-03,2026-03-04,1560.0,1437.1,-0.0842,🔴 停損,1,1744.35,1437.1
3036,2026-02-26,2026-03-05,183.0,205.88,0.1184,🟢 停利,4,205.88,167.75
2609,2026-03-04,2026-03-05,68.9,65.74,-0.0514,🔴 停損,1,73.64,65.74
2603,2026-03-04,2026-03-05,221.0,212.15,-0.0457,🔴 停損,1,234.28,212.15
2609,2026-03-05,2026-03-06,64.2,60.52,-0.0628,🔴 停損,1,69.72,60.52
6446,2026-01-29,2026-03-09,702.0,647.2,-0.0834,🔴 停損,19,784.2,647.2
2887,2026-03-04,2026-03-09,25.0,23.72,-0.0565,🔴 停損,3,26.91,23.72
2330,2026-03-04,2026-03-09,1888.84,1807.1,-0.0489,🔴 停損,3,2011.44,1807.1
2883,2026-03-05,2026-03-09,20.5,19.36,-0.0611,🔴 停損,2,22.21,19.36
3036,2026-03-05,2026-03-11,201.5,228.28,0.1263,🟢 停利,4,228.28,183.65
2330,2026-03-09,2026-03-11,1769.23,1906.78,0.0715,🟢 停利,2,1906.78,1677.53
2383,2026-02-23,2026-03-12,2275.0,2624.5,0.1469,🟢 停利,12,2624.5,2042.0
2360,2026-03-04,2026-03-12,1300.0,1507.45,0.1528,🟢 停利,6,1507.45,1161.7
2887,2026-03-09,2026-03-16,22.9,24.93,0.0824,🟢 停利,5,24.93,21.54
3036,2026-03-11,2026-03-18,225.0,253.8,0.1214,🟢 停利,5,253.8,205.8
2609,2026-03-09,2026-03-19,61.5,56.94,-0.0796,🔴 停損,8,68.34,56.94
3036,2026-03-18,2026-03-26,251.5,229.6,-0.0924,🔴 停損,6,284.35,229.6
3533,2026-03-19,2026-03-26,1890.0,2217.0,0.1662,🟢 停利,5,2217.0,1672.0
2603,2026-03-05,2026-03-27,212.0,201.95,-0.053,🔴 停損,16,227.08,201.95
3481,2026-03-11,2026-03-27,28.45,24.09,-0.1582,🔴 停損,12,34.99,24.09
2395,2026-03-09,2026-03-31,346.0,319.2,-0.0828,🔴 停損,16,386.2,319.2
2330,2026-03-11,2026-03-31,1878.87,1774.71,-0.061,🔴 停損,14,2035.11,1774.71
2357,2026-03-12,2026-03-31,591.0,555.5,-0.0656,🔴 停損,13,644.25,555.5
3017,2026-03-26,2026-03-31,2200.0,1948.0,-0.1197,🔴 停損,3,2578.0,1948.0
6285,2026-02-06,2026-04-01,172.0,178.0,0.0288,⚪ 時間到期,30,207.4,148.4
